[{"id":"user-image-color-logo-1_150.png","publicUrl":"np://user.desktop.nicepage.com/Site_833102528/images/color-logo-1_150.png","size":21303,"fileName":"color-logo-1_150.png","name":"color-logo-1_150","width":120,"height":92,"thumbnail":{"url":"np://user.desktop.nicepage.com/Site_833102528/images/thumbnails/color-logo-1_150.png","width":120,"height":92,"length":21303,"type":"png"},"originalUrl":"//images01.nicepagecdn.com/thumbs/a1389d7bc73adea1e1c1fb7e/f0df7c5c1c8f54ffa0f8cddf/color-logo-1_150.png"},{"id":"user-image-595119f1-6ce3-edb5-2421-cc21a4b24655.jpg","publicUrl":"np://user.desktop.nicepage.com/Site_833102528/images/595119f1-6ce3-edb5-2421-cc21a4b24655.jpg","size":144692,"fileName":"595119f1-6ce3-edb5-2421-cc21a4b24655.jpg","name":"595119f1-6ce3-edb5-2421-cc21a4b24655","width":1077,"height":1064,"thumbnail":{"url":"np://user.desktop.nicepage.com/Site_833102528/images/thumbnails/595119f1-6ce3-edb5-2421-cc21a4b24655.jpg","width":250,"height":247},"originalUrl":"//images01.nicepagecdn.com/c461c07a441a5d220e8feb1a/1241022bc0e057bf8937c384/595119f1-6ce3-edb5-2421-cc21a4b24655.jpg"},{"id":"user-image-color-logo-2_150.png","publicUrl":"np://user.desktop.nicepage.com/Site_833102528/images/color-logo-2_150.png","size":20439,"fileName":"color-logo-2_150.png","name":"color-logo-2_150","width":88,"height":110,"thumbnail":{"url":"np://user.desktop.nicepage.com/Site_833102528/images/thumbnails/color-logo-2_150.png","width":88,"height":110,"length":20439,"type":"png"},"originalUrl":"//images01.nicepagecdn.com/thumbs/a1389d7bc73adea1e1c1fb7e/e2c0998b438052c1b322a6af/color-logo-2_150.png"},{"id":"user-image-ddd.jpg","publicUrl":"np://user.desktop.nicepage.com/Site_833102528/images/ddd.jpg","size":158052,"fileName":"ddd.jpg","name":"ddd","width":1008,"height":1008,"thumbnail":{"url":"np://user.desktop.nicepage.com/Site_833102528/images/thumbnails/ddd.jpg","width":250,"height":250},"originalUrl":"//images01.nicepagecdn.com/c461c07a441a5d220e8feb1a/64ba0e89e1d15981bfab92da/ddd.jpg"},{"id":"user-image-color-logo-3_150.png","publicUrl":"np://user.desktop.nicepage.com/Site_833102528/images/color-logo-3_150.png","size":21104,"fileName":"color-logo-3_150.png","name":"color-logo-3_150","width":126,"height":108,"thumbnail":{"url":"np://user.desktop.nicepage.com/Site_833102528/images/thumbnails/color-logo-3_150.png","width":126,"height":108,"length":21104,"type":"png"},"originalUrl":"//images01.nicepagecdn.com/thumbs/a1389d7bc73adea1e1c1fb7e/e501c596f66b5ee79b62a78e/color-logo-3_150.png"},{"id":"user-image-color-logo-4_150.png","publicUrl":"np://user.desktop.nicepage.com/Site_833102528/images/color-logo-4_150.png","size":20500,"fileName":"color-logo-4_150.png","name":"color-logo-4_150","width":71,"height":100,"thumbnail":{"url":"np://user.desktop.nicepage.com/Site_833102528/images/thumbnails/color-logo-4_150.png","width":71,"height":100,"length":20500,"type":"png"},"originalUrl":"//images01.nicepagecdn.com/thumbs/a1389d7bc73adea1e1c1fb7e/6903cd62f0065b73b81bc61e/color-logo-4_150.png"},{"id":"user-image-color-logo-5_150.png","publicUrl":"np://user.desktop.nicepage.com/Site_833102528/images/color-logo-5_150.png","size":19671,"fileName":"color-logo-5_150.png","name":"color-logo-5_150","width":82,"height":87,"thumbnail":{"url":"np://user.desktop.nicepage.com/Site_833102528/images/thumbnails/color-logo-5_150.png","width":82,"height":87,"length":19671,"type":"png"},"originalUrl":"//images01.nicepagecdn.com/thumbs/a1389d7bc73adea1e1c1fb7e/98ebd4180853557da9440b2c/color-logo-5_150.png"},{"id":"user-image-dsddd.jpg","publicUrl":"np://user.desktop.nicepage.com/Site_833102528/images/dsddd.jpg","size":110469,"fileName":"dsddd.jpg","name":"dsddd","width":1313,"height":1080,"thumbnail":{"url":"np://user.desktop.nicepage.com/Site_833102528/images/thumbnails/dsddd.jpg","width":250,"height":206},"originalUrl":"//images01.nicepagecdn.com/c461c07a441a5d220e8feb1a/7e41d37eaf505fc78217e3ce/dsddd.jpg"},{"id":"user-image-default-logo.png","publicUrl":"np://user.desktop.nicepage.com/Site_833102528/images/default-logo.png","size":1804,"fileName":"default-logo.png","name":"default-logo","width":80,"height":40,"thumbnail":{"url":"np://user.desktop.nicepage.com/Site_833102528/images/thumbnails/default-logo.png","width":80,"height":40,"length":1804,"type":"png"},"originalUrl":"//capp.nicepage.com/91c4197feacce9d0a6fdaa0fcb806f350047013e/images/default-logo.png"}]
